source,target,Weight
Sonia Alomis,Julius Adler,1
Sonia Alomis,Jacob Ben-Ami,1
Sonia Alomis,Peretz Hirschbein,1
Sonia Alomis,Alexander Azro,1
Sonia Alomis,Boris Thomashefsky,1
Sonia Alomis,Slava Estrin,1
Sonia Altboym,Zygmunt Turkow,1
Sonia Altboym,Yonas Turkow,1
Sonia Altboym,Ester-Rokhl Kaminska,1
Sonia Altboym,Ida Kaminska,1
Sonia Altboym,Władysław Godik,1
Sonia Altboym,Diana Blumenfeld,1
Sonia Altboym,Moyshe Lipman,1
Sonia Altboym,Ruth Turkow,1
Sonia Altboym,Adam Domb,1
Sonia Altboym,Israel Kamay,1
Sonia Altboym,Yoyel Bergman,1
Sonia Altboym,Meir Melman,1
Sonia Altboym,Alex Stein,1
Sonia Altboym,Adam Domb,1
Sonia Altboym,Klara Segalovitch,1
Sonia Altboym,Henrik Tarlo,1
Alexander Azro,Jacob Ben-Ami,1
Alexander Azro,Peretz Hirschbein,1
Alexander Azro,William A. Seiter,1
Alexander Azro,Groucho Marx,1
Alexander Azro,Harpo Marx,1
Alexander Azro,Chico Marx,1
Alexander Azro,Lucille Ball,1
Alexander Azro,Clark Gable,1
Alexander Azro,Hedy Lamarr,1
Alexander Azro,Yankev Blayfer,1
Alexander Azro,Jack Lemmon,1
Alexander Azro,Mary Martin,1
Alexander Azro,Sophie Tucker,1
Alexander Azro,Gene Kelly,1
Alexander Azro,Boris Thomashefsky,1
Alexander Azro,Slava Estrin,1
Wolf Barzel,Joseph Green,1
Wolf Barzel,Natalie Wood,1
Wolf Barzel,John Garfield,1
Wolf Barzel,Sanford Meisner,1
Wolf Barzel,Rita Moreno,1
Wolf Barzel,Ethel Barrymore,1
Wolf Barzel,Stella Adler,1
Wolf Barzel,Tyrone Guthrie,1
Wolf Barzel,Lee Strasberg,1
Wolf Barzel,Boris Aronson,1
Wolf Barzel,Rudolph Schildkraut,1
Wolf Barzel,Zvi Scooler,1
Wolf Barzel,Dina Halpern,1
Wolf Barzel,Zero Mostel,1
Wolf Barzel,Mendl Elkin,1
Wolf Barzel,Chaim Shniur,1
Wolf Barzel,Mordechai Yachson,1
Wolf Barzel,Luther Adler,1
Wolf Barzel,Jacob Bergrin,1
Wolf Barzel,Yankev Blayfer,1
Wolf Barzel,Leonid Sniegov,1
Wolf Barzel,Alexander Granovsky,1
Wolf Barzel,Egon Brecher,1
Wolf Barzel,Yankev Mestel,1
Wolf Barzel,Frida Vitalin,1
Bela Belarina,Chaim Shniur,1
Bela Belarina,Egon Brecher,1
Bela Belarina,Mendl Elkin,1
Bela Belarina,Joseph Green,1
Bela Belarina,Yankev Blayfer,1
Bela Belarina,Dovid Pinski,1
Bela Belarina,Peretz Hirschbein,1
Bela Belarina,H. Leivick,1
Bela Belarina,David Vardi,1
Bela Belarina,Maurice Schwartz,1
Bela Belarina,Dovid Herman,1
Bela Belarina,Hersh Poznanski,1
Bela Belarina,Jacob Bergrin,1
Bela Belarina,Zygmunt Turkow,1
Bela Belarina,Yonas Turkow,1
Bela Belarina,Paul Baratoff,1
Bela Belarina,Avrom Taytlboym,1
Bela Belarina,Frida Vitalin,1
Bela Belarina,Y.L. Peretz,1
Adolf Bell,Molly Picon,1
Adolf Bell,Egon Brecher,1
Adolf Bell,Yankev Mestel,1
Adolf Bell,Simkhe Natan,1
Adolf Bell,Naomi Natan,1
Adolf Bell,Lea Weintraub-Graf,1
Jacob Ben-Ami,Egon Brecher,1
Jacob Ben-Ami,Tyrone Guthrie,1
Jacob Ben-Ami,David Vardi,1
Jacob Ben-Ami,Stella Adler,1
Jacob Ben-Ami,Peretz Hirschbein,1
Jacob Ben-Ami,Yankev Mestel,1
Jacob Ben-Ami,Avrom Taytlboym,1
Jacob Ben-Ami,Reuven Vendorf,1
Jacob Ben-Ami,Eva Le Gallienne,1
Jacob Ben-Ami,Howard Da Silva,1
Jacob Ben-Ami,J. Edward Bromberg,1
Jacob Ben-Ami,Gene Saks,1
Jacob Ben-Ami,Luther Adler,1
Jacob Ben-Ami,Guthrie McClintic,1
Jacob Ben-Ami,Edward G. Robinson,1
Jacob Ben-Ami,Arthur Hopkins,1
Jacob Ben-Ami,Morris Carnovsky,1
Jacob Ben-Ami,Eugene O'Neill,1
Jacob Ben-Ami,Sidney Lumet,1
Jacob Ben-Ami,Luba Kadison,1
Jacob Ben-Ami,Bertha Gersten,1
Jacob Ben-Ami,Paul Baratoff,1
Jacob Ben-Ami,Julius Adler,1
Jacob Ben-Ami,Zvi Scooler,1
Jacob Ben-Ami,Noah Nachbush,1
Jacob Ben-Ami,Boris Thomashefsky,1
Jacob Ben-Ami,Keni Liptzin,1
Jacob Ben-Ami,Sam Leve,1
Jacob Ben-Ami,Betty Dalska,1
Jacob Ben-Ami,Celia Adler,1
Jacob Ben-Ami,Lucy German,1
Jacob Ben-Ami,Misha German,1
Jacob Ben-Ami,David Vardi,1
Jacob Ben-Ami,Dovid Likht,1
Jacob Ben-Ami,Mendl Elkin,1
Jacob Ben-Ami,Leola Vendorf,1
Jacob Ben-Ami,Molly Pickus,1
Jacob Ben-Ami,Fela Biro,1
Jacob Ben-Ami,Ester Neroslavska,1
Jacob Ben-Ami,Chaim Shniur,1
Jacob Ben-Ami,Leyzer Zhelazo,1
Jacob Ben-Ami,Louis Weisberg,1
Jacob Ben-Ami,Michio Itō,1
Jacob Ben-Ami,Slava Estrin,1
Jacob Ben-Ami,Zalmen Hirshfeld,1
Jacob Ben-Ami,Sonia Alomis,1
Jacob Ben-Ami,Alexander Azro,1
Jacob Ben-Ami,Osip Dimov,1
Yoyel Bergman,Ida Kaminska,1
Yoyel Bergman,Israel Kamay,1
Yoyel Bergman,Ruth Turkow,1
Yoyel Bergman,Adam Domb,1
Yoyel Bergman,Sonia Altboym,1
Yoyel Bergman,Meir Melman,1
Yoyel Bergman,Moyshe Broderzon,1
Yoyel Bergman,Ida Garber,1
Yoyel Bergman,Chaim Shniur,1
Yoyel Bergman,Mikhl Vaykhert,1
Yoyel Bergman,Mark Arnshteyn,1
Yoyel Bergman,Avrom Morevsky,1
Yoyel Bergman,Miriam Kressyn,1
Yoyel Bergman,Khayele Shiper,1
Jacob Bergrin,Egon Brecher,1
Jacob Bergrin,Chaim Shniur,1
Jacob Bergrin,Bela Belarina,1
Jacob Bergrin,Mendl Elkin,1
Jacob Bergrin,Joseph Green,1
Jacob Bergrin,Yankev Blayfer,1
Jacob Bergrin,Dovid Pinski,1
Jacob Bergrin,Peretz Hirschbein,1
Jacob Bergrin,H. Leivick,1
Jacob Bergrin,Boris Aronson,1
Jacob Bergrin,David Vardi,1
Jacob Bergrin,Dina Halpern,1
Jacob Bergrin,Wolf Barzel,1
Jacob Bergrin,Rudolph Schildkraut,1
Jacob Bergrin,David Belasco,1
Jacob Bergrin,Frida Vitalin,1
Dovid Birnboym,Dovid Herman,1
Dovid Birnboym,Zygmunt Turkow,1
Dovid Birnboym,Khayele Shiper,1
Roza Birnboym,Leyzer Zhelazo,1
Roza Birnboym,Misha Fishzon,1
Roza Birnboym,Nokhum Lipovski,1
Roza Birnboym,Zygmunt Turkow,1
Roza Birnboym,Ester-Rokhl Kaminska,1
Roza Birnboym,Betty Dalska,1
Roza Birnboym,Ida Kaminska,1
Roza Birnboym,Wolf Zilberberg,1
Roza Birnboym,Leyzer Zhelazo,1
Roza Birnboym,Dovid Herman,1
Fela Biro,Alexander Granovsky,1
Fela Biro,Maurice Schwartz,1
Fela Biro,Rudolph Schildkraut,1
Fela Biro,Yankev Mestel,1
Fela Biro,Ester Neroslavska,1
Fela Biro,Maurice Schwartz,1
Fela Biro,Julius Adler,1
Fela Biro,Leah Naomi,1
Fela Biro,Helen Beverly,1
Fela Biro,Zvi Scooler,1
Fela Biro,Reuven Vendorf,1
Fela Biro,Avrom Taytlboym,1
Fela Biro,Jerome Robbins,1
Fela Biro,Leola Vendorf,1
Fela Biro,Molly Pickus,1
Fela Biro,Luba Kadison,1
Fela Biro,Bertha Gersten,1
Fela Biro,Jacob Ben-Ami,1
Fela Biro,Paul Baratoff,1
Yankev Blayfer,Mendl Elkin,1
Yankev Blayfer,Chaim Shniur,1
Yankev Blayfer,Bela Belarina,1
Yankev Blayfer,Joseph Green,1
Yankev Blayfer,Dovid Pinski,1
Yankev Blayfer,Peretz Hirschbein,1
Yankev Blayfer,H. Leivick,1
Yankev Blayfer,Jacob Bergrin,1
Yankev Blayfer,David Vardi,1
Yankev Blayfer,Egon Brecher,1
Yankev Blayfer,Elliot Gould,1
Yankev Blayfer,Gene Wilder,1
Yankev Blayfer,Harrison Ford,1
Yankev Blayfer,Leo Fuchs,1
Yankev Blayfer,Norman Jewison,1
Yankev Blayfer,Sylvester Stallone,1
Yankev Blayfer,Kevin Conway,1
Yankev Blayfer,Sandra Dee,1
Yankev Blayfer,Bobby Darin,1
Yankev Blayfer,Kirk Douglas,1
Yankev Blayfer,Alexander Azro,1
Yankev Blayfer,Clark Gable,1
Yankev Blayfer,Hedy Lamarr,1
Yankev Blayfer,Tyrone Power,1
Yankev Blayfer,Richard Boleslavsky,1
Yankev Blayfer,Rudolph Schildkraut,1
Yankev Blayfer,Wolf Barzel,1
Yankev Blayfer,Maurice Schwartz,1
Yankev Blayfer,Bertha Gersten,1
Yankev Blayfer,Frida Vitalin,1
Shabsay Bliakher,Avrom Morevsky,1
Shabsay Bliakher,Moyshe Lipman,1
Shabsay Bliakher,Zygmunt Turkow,1
Yitzkhok Blifeld,A.Y. Kaminski,1
Yitzkhok Blifeld,Misha Fishzon,1
Yitzkhok Blifeld,Boris Thomashefsky,1
Frida Blumental,Peretz Hirschbein,1
Khane Braz,Klara Segalovitch,1
Khane Braz,Alex Stein,1
Khane Braz,Avrom Morevsky,1
Khane Braz,Isaac Samberg,1
Khane Braz,Rivka Shiller,1
Khane Braz,Yankev Mandlblit,1
Khane Braz,Daniel Shapiro,1
Natan Breitman,Hertz Grosbard,1
Natan Breitman,Paul Breitman,1
Natan Breitman,Lidia Pototska,1
Moyshe Broderzon,Shimon Dzigan,1
Moyshe Broderzon,Yisroel Shumacher,1
Moyshe Broderzon,Dovid Herman,1
Moyshe Broderzon,Miriam Lipska-Mansdorf,1
Joseph Buloff,Maurice Schwartz,1
Joseph Buloff,Celia Adler,1
Joseph Buloff,Stella Adler,1
Joseph Buloff,Leib Kadison,1
Joseph Buloff,Luba Kadison,1
Joseph Buloff,Yankev Mestel,1
Joseph Buloff,Leslie Goodwins,1
Joseph Buloff,Rita Hayworth,1
Joseph Buloff,Luther Adler,1
Joseph Buloff,Edgar G. Ulmer,1
Joseph Buloff,Jascha Heifetz,1
Joseph Buloff,John Banner,1
Joseph Buloff,Delmar Daves,1
Joseph Buloff,Maria Ouspenskaya,1
Joseph Buloff,Fyvush Finkel,1
Joseph Buloff,Menasha Skulnik,1
Joseph Buloff,Leo Fuchs,1
Joseph Buloff,Seymour Rexite,1
Joseph Buloff,Paul Newman,1
Joseph Buloff,Fred Astaire,1
Joseph Buloff,Cyd Charisse,1
Joseph Buloff,Warren Beatty,1
Joseph Buloff,Diane Keaton,1
Joseph Buloff,Jack Nicholson,1
Joseph Buloff,Gene Hackman,1
Joseph Buloff,Arthur Hopkins,1
Joseph Buloff,Howard Da Silva,1
Joseph Buloff,Paul Baratoff,1
Joseph Buloff,Baruch Lumet,1
Joseph Buloff,Boris Aronson,1
Joseph Buloff,Avrom Taytlboym,1
Joseph Buloff,Anne Meacham,1
Joseph Buloff,Walter Matthau,1
Joseph Buloff,Harold Clurman,1
Joseph Buloff,Sanford Meisner,1
Joseph Buloff,Uta Hagen,1
Joseph Buloff,Agnes De Mille,1
Joseph Buloff,Guthrie McClintic,1
Joseph Buloff,Morris Carnovsky,1
Joseph Buloff,Sidney Lumet,1
Joseph Buloff,Molly Picon,1
Joseph Buloff,Avrom Morevsky,1
Joseph Buloff,Alex Stein,1
Joseph Buloff,Yosef Kamen,1
Joseph Buloff,Simkhe Natan,1
Joseph Buloff,Yankev Kurlender,1
Joseph Buloff,Yankev Mansdorf,1
Joseph Buloff,Chaim Shniur,1
Joseph Buloff,Leonid Sniegov,1
Joseph Buloff,Mordechai Yachson,1
Joseph Buloff,Charles Adler,1
Joseph Buloff,Zalmen Hirshfeld,1
Joseph Buloff,Maureen O'Hara,1
Khavel Buzgan,Ida Kaminska,1
Khavel Buzgan,Avrom Morevsky,1
Khavel Buzgan,Dina Halpern,1
Khavel Buzgan,Rokhl Holtzer,1
Khavel Buzgan,Shimon Dzigan,1
Khavel Buzgan,Yisroel Shumacher,1
Khavel Buzgan,Ruth Turkow,1
Khavel Buzgan,Klara Segalovitch,1
Khavel Buzgan,Isaac Samberg,1
Khavel Buzgan,Henekh Kon,1
Khavel Buzgan,Gershon Lemberger,1
Khavel Buzgan,Ester-Rokhl Kaminska,1
Khavel Buzgan,Zygmunt Turkow,1
Khavel Buzgan,Avrom Morevsky,1
Khavel Buzgan,Nokhum Lipovski,1
Khavel Buzgan,Lidia Pototska,1
Khavel Buzgan,Julius Adler,1
Khavel Buzgan,Paul Baratoff,1
Khavel Buzgan,Yankev Kurlender,1
Khavel Buzgan,Yitskhok Dogim,1
Khavel Buzgan,Liza Schlossberg,1
Khavel Buzgan,Simkhe Natan,1
Khavel Buzgan,Naomi Natan,1
Khavel Buzgan,Rivka Shiller,1
Khavel Buzgan,Yankev Kurlender,1
Khavel Buzgan,Daniel Shapiro,1
Khavel Buzgan,Frida Vitalin,1
Betty Dalska,Jacob Ben-Ami,1
Betty Dalska,Leah Naomi,1
Betty Dalska,Peretz Hirschbein,1
Betty Dalska,Zygmunt Turkow,1
Betty Dalska,Ester-Rokhl Kaminska,1
Betty Dalska,Roza Birnboym,1
Betty Dalska,Ida Kaminska,1
Betty Dalska,Wolf Zilberberg,1
Betty Dalska,Misha Fishzon,1
Betty Dalska,Rose Shoshana,1
Betty Dalska,Reuven Vendorf,1
Betty Dalska,Leyzer Zhelazo,1
Betty Dalska,Slava Estrin,1
Bela Daniel,Avrom Slabodski,1
Dovid Denk,Celia Adler,1
Dovid Denk,Maurice Schwartz,1
Isaac Deutsch,Paul Breitman,1
Isaac Deutsch,Simkhe Natan,1
Isaac Deutsch,Klara Meisels,1
Isaac Deutsch,Ben-Tsiyon Segal,1
Isaac Deutsch,Hanoch Mayer,1
Isaac Deutsch,Naomi Natan,1
Isaac Deutsch,Shmuel Iris,1
Mina Deutsch,Paul Baratoff,1
Mina Deutsch,Paul Breitman,1
Mina Deutsch,Simkhe Natan,1
Mina Deutsch,Klara Meisels,1
Mina Deutsch,Ben-Tsiyon Segal,1
Yitskhok Dogim,Isaac Samberg,1
Yitskhok Dogim,Zygmunt Turkow,1
Yitskhok Dogim,Avrom Morevsky,1
Yitskhok Dogim,Yonas Turkow,1
Yitskhok Dogim,Dina Halpern,1
Yitskhok Dogim,Ida Kaminska,1
Yitskhok Dogim,Paul Breitman,1
Yitskhok Dogim,Khavel Buzgan,1
Yitskhok Dogim,Mordechai Yachson,1
Adam Domb,Zygmunt Turkow,1
Adam Domb,Yonas Turkow,1
Adam Domb,Ester-Rokhl Kaminska,1
Adam Domb,Ida Kaminska,1
Adam Domb,Władysław Godik,1
Adam Domb,Ruth Turkow,1
Adam Domb,Joseph Green,1
Adam Domb,Molly Picon,1
Adam Domb,Shimon Dzigan,1
Adam Domb,Yisroel Shumacher,1
Adam Domb,Alter Kacyzne,1
Adam Domb,Sonia Altboym,1
Adam Domb,Moyshe Lipman,1
Adam Domb,Yonas Turkow,1
Adam Domb,Henrik Tarlo,1
Adam Domb,Israel Kamay,1
Adam Domb,Yoyel Bergman,1
Adam Domb,Meir Melman,1
Adam Domb,Alex Stein,1
Adam Domb,Klara Segalovitch,1
Adam Domb,Sonia Altboym,1
Adam Domb,Zalmen Hirshfeld,1
Adam Domb,Yankev Mandlblit,1
Joseph Edelstein,Moyshe Feder,1
Joseph Edelstein,Boris Auerbach,1
Chava Eisen,Yonas Turkow,1
Chava Eisen,Avrom Morevsky,1
Mendl Elkin,Jacob Bergrin,1
Mendl Elkin,Chaim Shniur,1
Mendl Elkin,Joseph Green,1
Mendl Elkin,Egon Brecher,1
Jenny Epstein,Alexander Granovsky,1
Jenny Epstein,Solomon Mikhoels,1
Jenny Epstein,Natan Altman,1
Jenny Epstein,Yankev Shidlo,1
Slava Estrin,Peretz Hirschbein,1
Slava Estrin,Jacob Ben-Ami,1
Slava Estrin,Leah Naomi,1
Slava Estrin,Betty Dalska,1
Slava Estrin,Dovid Herman,1
Slava Estrin,Wolf Zilberberg,1
Slava Estrin,Reuven Vendorf,1
Slava Estrin,Alexander Azro,1
Slava Estrin,Sonia Alomis,1
Slava Estrin,Lidia Pototska,1
Avrom Eyzenberg,Władysław Weintraub,1
Avrom Eyzenberg,A. Roytman,1
Avrom Eyzenberg,Ola Lilith,1
Avrom Eyzenberg,Moyshe Potashinsky,1
Avrom Eyzenberg,Władysław Godik,1
Avrom Eyzenberg,Hersh Poznanski,1
Moyshe Feder,Seymour Rexite,1
Moyshe Feder,Leo Fuchs,1
Moyshe Feder,Pola Valter,1
Moyshe Feder,Reuven Vendorf,1
Moyshe Feder,Yankev Mestel,1
Moyshe Feder,Osip Dimov,1
Moyshe Feder,Bertha Gersten,1
Moyshe Feder,Ida Kaminska,1
Moyshe Feder,Menasha Skulnik,1
Moyshe Feder,Alexander Granovsky,1
Moyshe Feder,Mark Arnshteyn,1
Moyshe Feder,Leyzer Zhelazo,1
Moyshe Feder,Yitzkhok Hershkovitsh,1
Moyshe Feder,Molly Picon,1
Moyshe Feder,Dovid Herman,1
Moyshe Feder,Joseph Edelstein,1
Moyshe Feder,Menasha Skulnik,1
Moyshe Feder,Maurice Schwartz,1
Moyshe Feder,Leon Liebgold,1
Moyshe Feder,Lili Liliana,1
Moyshe Feder,Ester Neroslavska,1
Moyshe Feder,Dovid Herman,1
Moyshe Feder,Itzik Hershkovitsh,1
Benjamin Fishbein,Joseph Buloff,1
Benjamin Fishbein,Maurice Schwartz,1
Benjamin Fishbein,Charlotte Goldstein Chafran,1
Benjamin Fishbein,Reuven Vendorf,1
Benjamin Fishbein,Julius Adler,1
Benjamin Fishbein,Paul Baratoff,1
Benjamin Fishbein,Helen Zelinskaya,1
Benjamin Fishbein,Shloyme Krause,1
Benjamin Fishbein,Helen Beverly,1
Benjamin Fishbein,Leah Naomi,1
Benjamin Fishbein,Reuven Vendorf,1
Benjamin Fishbein,Ida Garber,1
Benjamin Fishbein,Leola Vendorf,1
Benjamin Fishbein,Edgar G. Ulmer,1
Benjamin Fishbein,Osip Dimov,1
Benjamin Fishbein,Alex Chertov,1
Benjamin Fishbein,Natan Gaiptman,1
Rivke Gamarska,Avrom Morevsky,1
Rivke Gamarska,Daniel Shapiro,1
Fela Garbarz,Shimon Dzigan,1
Fela Garbarz,Yisroel Shumacher,1
Fela Garbarz,Ruth Turkow,1
Fela Garbarz,Henekh Kon,1
Fela Garbarz,Zygmunt Turkow,1
Fela Garbarz,Simkhe Natan,1
Fela Garbarz,Avrom Morevsky,1
Fela Garbarz,Klara Segalovitch,1
Ida Garber,Maurice Schwartz,1
Ida Garber,Julius Adler,1
Ida Garber,Reuven Vendorf,1
Ida Garber,Leah Naomi,1
Ida Garber,Yoyel Bergman,1
Ida Garber,Helen Zelinskaya,1
Ida Garber,Reuven Vendorf,1
Ida Garber,Leola Vendorf,1
Ida Garber,Charlotte Goldstein Chafran,1
Ida Garber,Noah Nachbush,1
Ida Garber,Shloyme Krause,1
Ida Garber,Benjamin Fishbein,1
Ida Garber,Louis Weisberg,1
Ida Garber,Alex Chertov,1
Ida Garber,Gustav Schacht,1
Yankev Gertner,Alexander Granovsky,1
Yankev Gertner,Dovid Herman,1
Yudl Goldberg,Klara Meisels,1
Falie Goldhirsh,Moyshe Potashinski,1
Falie Goldhirsh,Yankev Mansdorf,1
Falie Goldhirsh,Ola Lilith,1
Falie Goldhirsh,Nokhum Melnik,1
Falie Goldhirsh,Hersh Poznanski,1
Falie Goldhirsh,Dovid Herman,1
Falie Goldhirsh,Henekh Kon,1
Falie Goldhirsh,Władysław Weintraub,1
Falie Goldhirsh,Tea Artsishevska,1
Falie Goldhirsh,Miriam Lipska-Mansdorf,1
Itzikl Goldnberg,Zigmund Mogulesco,1
Itzikl Goldnberg,Avrom Goldfaden,1
Itzikl Goldnberg,Boris Thomashefsky,1
Itzikl Goldnberg,Fraym Sorkin,1
Itzikl Goldnberg,Miriam Gurevitz,1
Itzikl Goldnberg,Bertha Kalich,1
Itzikl Goldnberg,Moyshe Burstin,1
Ester Goldnberg,Klara Segalovitch,1
Ester Goldnberg,Mikhl Vaykhert,1
Ester Goldnberg,Leon Schiller,1
Ester Goldnberg,Avrom Morevsky,1
Ester Goldnberg,Daniel Shapiro,1
Ester Goldnberg,Mordechai Mazo,1
Ester Goldnberg,Władysław Godik,1
Ester Goldnberg,Shloyme Kon,1
Ester Goldnberg,Max Wiskind,1
Ester Goldnberg,Aaron Zeitlin,1
Ester Goldnberg,Ida Kaminska,1
Ester Goldnberg,Maurice Schwartz,1
Helena Gotlib,Moyshe Lipman,1
Helena Gotlib,Ruth Turkow,1
Helena Gotlib,Diana Blumenfeld,1
Helena Gotlib,Yonas Turkow,1
Helena Gotlib,Yankev Kurlender,1
Helena Gotlib,Klara Segalovitch,1
Helena Gotlib,Henryk Szaro,1
Helena Gotlib,Ida Kaminska,1
Helena Gotlib,Isaac Samberg,1
Helena Gotlib,A.Y. Kaminski,1
Helena Gotlib,Mark Arnshteyn,1
Helena Gotlib,Boris Thomashefsky,1
Helena Gotlib,Rose Shoshana,1
Helena Gotlib,Zina Rapel,1
Joseph Green,Mendl Elkin,1
Joseph Green,Egon Brecher,1
Joseph Green,David Vardi,1
Joseph Green,Peretz Hirschbein,1
Joseph Green,Dovid Pinski,1
Joseph Green,H. Leivick,1
Joseph Green,Chaim Shniur,1
Joseph Green,Bela Belarina,1
Joseph Green,Yankev Mestel,1
Joseph Green,Henrik Galeen,1
Joseph Green,Ernst Deutsch,1
Joseph Green,Wolf Barzel,1
Joseph Green,Maurice Schwartz,1
Joseph Green,Celia Adler,1
Joseph Green,Mordecai Gorelik,1
Joseph Green,Paul Baratoff,1
Joseph Green,Stella Adler,1
Joseph Green,Jacob Bergrin,1
Joseph Green,Rudolph Schildkraut,1
Joseph Green,Yankev Blayfer,1
Joseph Green,Avrom Taytlboym,1
Joseph Green,Helen Zelinskaya,1
Joseph Green,Boris Auerbach,1
Joseph Green,Louis Weisberg,1
Joseph Green,Alex Chertov,1
Hertz Grosbard,Natan Breitman,1
Hertz Grosbard,Paul Breitman,1
Hertz Grosbard,Nokhum Melnik,1
Hertz Grosbard,Devorah Rosenblum,1
Hertz Grosbard,Erwin Piscator,1
Yitzkhok Grudberg,Zygmunt Turkow,1
Yitzkhok Grudberg,Dina Halpern,1
Yitzkhok Grudberg,Henryk Szaro,1
Yitzkhok Grudberg,Yonas Turkow,1
Yitzkhok Grudberg,Joseph Green,1
Yitzkhok Grudberg,Lucy German,1
Yitzkhok Grudberg,Misha German,1
Yitzkhok Grudberg,Bertha Gersten,1
Yitzkhok Grudberg,Ida Kaminska,1
Yitzkhok Grudberg,Dovid Herman,1
Yitzkhok Grudberg,Henekh Kon,1
Yitzkhok Grudberg,Moyshe Broderzon,1
Yitzkhok Grudberg,Yankev Kurlender,1
Yitzkhok Grudberg,Daniel Shapiro,1
Yitzkhok Grudberg,Alex Stein,1
Dovid Hamburger,Julius Adler,1
Dovid Hamburger,Shloyme Krause,1
Dovid Herman,Reuven Vendorf,1
Itzik Hershkovitsh,Moyshe Feder,1
Zalmen Hirshfeld,Zygmunt Turkow,1
Zalmen Hirshfeld,Moyshe Lipman,1
Zalmen Hirshfeld,Ida Kaminska,1
Zalmen Hirshfeld,Adam Domb,1
Zalmen Hirshfeld,Yankev Mandlblit,1
Zalmen Hirshfeld,Avrom Morevsky,1
Zalmen Hirshfeld,Ester Rapel,1
Zalmen Hirshfeld,Nokhum Melnik,1
Zalmen Hirshfeld,Devora Rosenblum,1
Zalmen Hirshfeld,Nadia Kameni,1
Zalmen Hirshfeld,Yosef Kamen,1
Zalmen Hirshfeld,Shmuel Iris,1
Zalmen Hirshfeld,Zina Rapel,1
Zalmen Hirshfeld,Joseph Buloff,1
Zalmen Hirshfeld,Maurice Schwartz,1
Zalmen Hirshfeld,Jacob Ben-Ami,1
Zalmen Hirshfeld,Nadia Kareni,1
Zalmen Hirshfeld,Devorah Rosenblum,1
Rokhl Holtzer,Ida Kaminska,1
Rokhl Holtzer,Jacob Waislitz,1
Rokhl Holtzer,Shimon Dzigan,1
Rokhl Holtzer,Yisroel Shumacher,1
Rokhl Holtzer,Avrom Morevsky,1
Rokhl Holtzer,Dina Halpern,1
Rokhl Holtzer,Khavel Buzgan,1
Rokhl Holtzer,Ruth Turkow,1
Rokhl Holtzer,Klara Segalovitch,1
Rokhl Holtzer,Isaac Samberg,1
Rokhl Holtzer,Henekh Kon,1
Rokhl Holtzer,Gershon Lemberger,1
Rokhl Holtzer,Yankev Reynglas,1
Rokhl Holtzer,Yonas Turkow,1
Rokhl Holtzer,Mikhl Vaykhert,1
Rokhl Holtzer,Daniel Shapiro,1
Rokhl Holtzer,Rose Shoshana,1
Rokhl Holtzer,Pola Valter,1
Rokhl Holtzer,Yosef Shayn,1
Rokhl Holtzer,Mila Waislitz,1
Rokhl Holtzer,Yocheved Waislitz,1
Rokhl Holtzer,Shimon Dzigan,1
Shmuel Iris,Peppi Littman,1
Shmuel Iris,Misha Fishzon,1
Shmuel Iris,Aaron Lebedeff,1
Shmuel Iris,Celia Adler,1
Shmuel Iris,Jacob P. Adler,1
Shmuel Iris,Isaac Deutsch,1
Shmuel Iris,Zalmen Hirshfeld,1
Shmuel Iris,Ester Rapel,1
Itzik Kadison,Hersh Poznanski,1
Leyb Kadison,Joseph Buloff,1
Leyb Kadison,Yankev Mestel,1
Leyb Kadison,Maurice Schwartz,1
Leyb Kadison,Luba Kadison,1
Leyb Kadison,Bertha Gersten,1
Leyb Kadison,Misha Fishzon,1
Leyb Kadison,Sam Leve,1
Leyb Kadison,Avrom Taytlboym,1
Leyb Kadison,Lucy German,1
Leyb Kadison,Misha German,1
Leyb Kadison,Dovid Likht,1
Leyb Kadison,Charlotte Goldstein Chafran,1
Leyb Kadison,Shloyme Krause,1
Luba Kadison,Maurice Schwartz,1
Luba Kadison,Celia Adler,1
Luba Kadison,Zvi Scooler,1
Luba Kadison,Helen Beverly,1
Luba Kadison,Stella Adler,1
Luba Kadison,Yankev Mestel,1
Luba Kadison,Baruch Lumet,1
Luba Kadison,Jacob Ben-Ami,1
Luba Kadison,Bertha Gersten,1
Luba Kadison,Boris Aronson,1
Luba Kadison,Avrom Taytlboym,1
Luba Kadison,Julius Adler,1
Luba Kadison,Reuven Vendorf,1
Luba Kadison,Leib Kadison,1
Luba Kadison,Misha Fishzon,1
Luba Kadison,Noah Nachbush,1
Luba Kadison,Zvi Scooler,1
Luba Kadison,Paul Baratoff,1
Luba Kadison,Sam Leve,1
Luba Kadison,Avrom Taytlboym,1
Luba Kadison,Lucy German,1
Luba Kadison,Misha German,1
Luba Kadison,Dovid Likht,1
Luba Kadison,Leola Vendorf,1
Luba Kadison,Molly Pickus,1
Luba Kadison,Fela Biro,1
Luba Kadison,Ester Neroslavska,1
Luba Kadison,Charlotte Goldstein Chafran,1
Luba Kadison,Helen Zelinskaya,1
Luba Kadison,Shloyme Krause,1
Luba Kadison,Louis Weisberg,1
Luba Kadison,Ben Tsion Shoenfeld,1
Luba Kadison,Alex Chertov,1
Israel Kamay,Sonia Altboym,1
Israel Kamay,Ida Kaminska,1
Israel Kamay,Ruth Turkow,1
Israel Kamay,Adam Domb,1
Israel Kamay,Yoyel Bergman,1
Israel Kamay,Meir Melman,1
Israel Kamay,Celia Adler,1
Israel Kamay,Simkhe Natan,1
Israel Kamay,Naomi Natan,1
Yosef Kamen,Jean Mihail,1
Yosef Kamen,Joseph Buloff,1
Yosef Kamen,Alex Stein,1
Yosef Kamen,Avrom Morevsky,1
Yosef Kamen,Simkhe Natan,1
Yosef Kamen,Lidia Pototska,1
Yosef Kamen,Jacob Waislitz,1
Yosef Kamen,Yocheved Waislitz,1
Yosef Kamen,Dovid Likht,1
Yosef Kamen,Dovid Herman,1
Yosef Kamen,Shimon Dzigan,1
Yosef Kamen,Yisroel Shumacher,1
Yosef Kamen,Simkhe Natan,1
Yosef Kamen,Zalmen Hirshfeld,1
Yosef Kamen,Nadia Kareni,1
Yosef Kamen,Ester Rapel,1
Ida Kaminska,Ester-Rokhl Kaminska,1
Ida Kaminska,A.Y. Kaminski,1
Ida Kaminska,Adam Domb,1
Ida Kaminska,Alter Kacyzne,1
Ida Kaminska,Shimon Dzigan,1
Ida Kaminska,Yisroel Shumacher,1
Ida Kaminska,Ján Kadár,1
Ida Kaminska,Isaac Samberg,1
Ida Kaminska,Helena Gotlib,1
Ida Kaminska,Israel Kamay,1
Ida Kaminska,Zygmunt Turkow,1
Ida Kaminska,Ester-Rokhl Kaminska,1
Ida Kaminska,Betty Dalska,1
Ida Kaminska,Roza Birnboym,1
Ida Kaminska,Wolf Zilberberg,1
Ida Kaminska,Zalmen Hirshfeld,1
Ida Kaminska,Yankev Mandlblit,1
Ida Kaminska,Molly Picon,1
Ida Kaminska,Paul Breitman,1
Ida Kaminska,Klara Segalovitch,1
Ida Kaminska,Zero Mostel,1
Ida Kaminska,Harry Belafonte,1
Ida Kaminska,Eli Wallach,1
Ida Kaminska,Josef Kaminski,1
Ida Kaminska,Judith Berg,1
Ida Kaminska,Felix Fibich,1
Ida Kaminska,Yankev Reynglas,1
Ida Kaminska,Yitskhok Dogim,1
Ida Kaminska,Dina Halpern,1
Ida Kaminska,A. Sandu,1
Ida Kaminska,Moyshe Tayman,1
Ida Kaminska,Dovid Tselmayster,1
Ida Kaminska,Jacob Waislitz,1
Ida Kaminska,Leyzer Zhelazo,1
Ida Kaminska,Yoysef Shlivniak,1
Ida Kaminska,Ruth Taru,1
Nadia Kareni,Zalmen Hirshfeld,1
Nadia Kareni,Yosef Kamen,1
Nadia Kareni,Ester Rapel,1
Nadia Kareni,Moyshe Broderzon,1
Nadia Kareni,Shimon Dzigan,1
Nadia Kareni,Yisroel Shumacher,1
Nadia Kareni,Jacob Rotbaum,1
Dina Koenig,Yosef Kamen,1
Dina Koenig,Lea Koenig,1
Dina Koenig,Jacob Waislitz,1
Dina Koenig,Yocheved Waislitz,1
Dina Koenig,Dovid Likht,1
Dina Koenig,Dovid Herman,1
Dina Koenig,Julius Adler,1
Dina Koenig,Yankev Shternberg,1
Shloyme Kon,Władysław Godik,1
Shloyme Kon,Leon Schiller,1
Shloyme Kon,Klara Segalovitch,1
Shloyme Kon,Max Wiskind,1
Shloyme Kon,Mikhl Vaykhert,1
Shloyme Kon,Mordechai Mazo,1
Shloyme Kon,Ester Goldnberg,1
Shloyme Kon,Daniel Shapiro,1
Shloyme Kon,Ester-Rokhl Kaminska,1
Shloyme Kon,A.Y. Kaminski,1
Shloyme Kon,Misha Fishzon,1
Shloyme Kon,Yevgeny Vakhtangov,1
Shloyme Kon,Avrom Morevsky,1
Matisyahu Kovalski,Misha Fishzon,1
Matisyahu Kovalski,A.Y. Kaminski,1
Matisyahu Kovalski,Nokhum Lipovski,1
Matisyahu Kovalski,Rose Shoshana,1
Shloyme Krause,Jacob P. Adler,1
Shloyme Krause,Misha Fishzon,1
Shloyme Krause,Zina Rapel,1
Shloyme Krause,Aaron Lebedeff,1
Shloyme Krause,Maurice Schwartz,1
Shloyme Krause,Luba Kadison,1
Shloyme Krause,Bertha Gersten,1
Shloyme Krause,Avrom Taytlboym,1
Shloyme Krause,Charlotte Goldstein Chafran,1
Shloyme Krause,Julius Adler,1
Shloyme Krause,Reuven Vendorf,1
Shloyme Krause,Helen Zelinskaya,1
Shloyme Krause,Leah Naomi,1
Shloyme Krause,Leola Vendorf,1
Shloyme Krause,Ida Garber,1
Shloyme Krause,Noah Nachbush,1
Shloyme Krause,Paul Breitman,1
Shloyme Krause,Ester Neroslavska,1
Shloyme Krause,A.Y. Kaminski,1
Shloyme Krause,Isaac Schlossberg,1
Shloyme Krause,Paul Muni,1
Shloyme Krause,Lucy German,1
Shloyme Krause,Misha German,1
Shloyme Krause,Zvi Scooler,1
Shloyme Krause,Dovid Likht,1
Shloyme Krause,Leib Kadison,1
Shloyme Krause,Dovid Hamburger,1
Shloyme Krause,Menasha Skulnik,1
Shloyme Krause,Ester Lipovska,1
Shloyme Krause,Benjamin Fishbein,1
Shloyme Krause,Edgar G. Ulmer,1
Shloyme Krause,Louis Weisberg,1
Shloyme Krause,Ben Tsion Shoenfeld,1
Shloyme Krause,Alex Chertov,1
Shloyme Krause,Boris Auerbach,1
Shloyme Krause,Moyshe Burstin,1
Shloyme Krause,Ester-Rokhl Kaminska,1
Yankev Kurlender,Dovid Likht,1
Yankev Kurlender,Jacob Rotbaum,1
Yankev Kurlender,Moyshe Lipman,1
Yankev Kurlender,Ruth Turkow,1
Yankev Kurlender,Diana Blumenfeld,1
Yankev Kurlender,Yonas Turkow,1
Yankev Kurlender,Klara Segalovitch,1
Yankev Kurlender,Helena Gotlib,1
Yankev Kurlender,Khavel Buzgan,1
Yankev Kurlender,Avrom Morevsky,1
Yankev Kurlender,Mikhl Vaykhert,1
Yankev Kurlender,Dovid Herman,1
Yankev Kurlender,Ida Kaminska,1
Yankev Kurlender,Yitzkhok Grudberg,1
Yankev Kurlender,Jacob Rotbaum,1
Yankev Kurlender,Maurice Schwartz,1
Yankev Kurlender,Joseph Buloff,1
Yankev Kurlender,Liza Schlossberg,1
Yankev Kurlender,Simkhe Natan,1
Yankev Kurlender,Naomi Natan,1
Yankev Kurlender,Rivka Shiller,1
Yankev Kurlender,Khavel Buzgan,1
Yankev Kurlender,Rose Shoshana,1
Gershon Lemberger,Avrom Morevsky,1
Gershon Lemberger,Dina Halpern,1
Gershon Lemberger,Rokhl Holtzer,1
Gershon Lemberger,Shimon Dzigan,1
Gershon Lemberger,Yisroel Shumacher,1
Gershon Lemberger,Khavel Buzgan,1
Gershon Lemberger,Ruth Turkow,1
Gershon Lemberger,Klara Segalovitch,1
Gershon Lemberger,Isaac Samberg,1
Gershon Lemberger,Henekh Kon,1
Gershon Lemberger,Moyshe Lipman,1
Gershon Lemberger,Lili Liliana,1
Gershon Lemberger,Leon Liebgold,1
Gershon Lemberger,Michał Waszyński,1
Gershon Lemberger,Judith Berg,1
Gershon Lemberger,Alter Kacyzne,1
Gershon Lemberger,Gershon Lemberger,1
Gershon Lemberger,Henekh Kon,1
Olya Libert-Lubotsky,Boris Glagolin,1
Olya Libert-Lubotsky,Paul Baratoff,1
Olya Libert-Lubotsky,Rudolph Schildkraut,1
Leon Liebgold,Lili Liliana,1
Leon Liebgold,Avrom Morevsky,1
Leon Liebgold,Molly Picon,1
Leon Liebgold,Joseph Green,1
Leon Liebgold,Leo Fuchs,1
Leon Liebgold,Seymour Rexite,1
Leon Liebgold,Maurice Schwartz,1
Leon Liebgold,Julius Adler,1
Leon Liebgold,Isaac Samberg,1
Leon Liebgold,Judith Berg,1
Leon Liebgold,Michał Waszyński,1
Leon Liebgold,Dina Halpern,1
Leon Liebgold,Moyshe Lipman,1
Leon Liebgold,Alter Kacyzne,1
Leon Liebgold,Gershon Lemberger,1
Leon Liebgold,Henekh Kon,1
Leon Liebgold,Miriam Kressyn,1
Leon Liebgold,Mordechai Yachson,1
Leon Liebgold,Seymour Rexite,1
Leon Liebgold,Menasha Skulnik,1
Leon Liebgold,Moyshe Feder,1
Leon Liebgold,Louis Weisberg,1
Leon Liebgold,Simkhe Natan,1
Leon Liebgold,Jacob Kalich,1
Dovid Likht,Yankev Kurlender,1
Dovid Likht,Jacob Rotbaum,1
Dovid Likht,Dina Koenig,1
Dovid Likht,Yosef Kamen,1
Dovid Likht,Shloyme Krause,1
Dovid Likht,Dovid Herman,1
Dovid Likht,Yankev Mandlblit,1
Dovid Likht,Pepi Urich,1
Dovid Likht,Yankev Reynglas,1
Dovid Likht,Sami Feder,1
Dovid Likht,Liza Schlossberg,1
Dovid Likht,Alex Stein,1
Dovid Likht,Mordechai Yachson,1
Dovid Likht,Jacob Waislitz,1
Dovid Likht,Yocheved Waislitz,1
Sasha Lipovski,Moyshe Lipman,1
Sasha Lipovski,Nokhum Lipovski,1
Sasha Lipovski,Ester Lipovska,1
Sasha Lipovski,Miriam Kressyn,1
Sasha Lipovski,Paul Baratoff,1
Sasha Lipovski,Avrom Morevsky,1
Baruch Lumet,Maurice Schwartz,1
Baruch Lumet,Sidney Lumet,1
Baruch Lumet,Avrom Taytlboym,1
Baruch Lumet,Joseph Buloff,1
Baruch Lumet,Stella Adler,1
Baruch Lumet,Yankev Mestel,1
Baruch Lumet,Luba Kadison,1
Baruch Lumet,Paul Baratoff,1
Baruch Lumet,Boris Aronson,1
Baruch Lumet,Chaim Shniur,1
Baruch Lumet,Julius Adler,1
Baruch Lumet,Luther Adler,1
Baruch Lumet,Celia Adler,1
Baruch Lumet,Bertha Gersten,1
Baruch Lumet,Woody Allen,1
Baruch Lumet,Woody Allen,1
Baruch Lumet,Max Reinhardt,1
Baruch Lumet,Kurt Weill,1
Baruch Lumet,Lotte Lenya,1
Baruch Lumet,Benjamin Zemach,1
Baruch Lumet,Mordechai Yachson,1
Baruch Lumet,Paul Breitman,1
Baruch Lumet,Misha Rapel,1
Baruch Lumet,Malvina Rapel,1
Baruch Lumet,Yankev Shidlo,1
Baruch Lumet,Morits Norvid,1
Baruch Lumet,Sallie Weisenfreund Nasatir,1
Baruch Lumet,Morris Nasatir,1
Baruch Lumet,Boris Thomashefsky,1
Baruch Lumet,Gustav Schacht,1
Baruch Lumet,Gene Wilder,1
Baruch Lumet,Lynn Redgrave,1
Baruch Lumet,Burt Reynolds,1
Baruch Lumet,Morgan Freeman,1
Baruch Lumet,John Banner,1
Baruch Lumet,Paul Newman,1
Baruch Lumet,Susan Strasberg,1
Baruch Lumet,Eli Wallach,1
Baruch Lumet,Sylvia Sidney,1
Baruch Lumet,Charles Adler,1
Baruch Lumet,Norman Bel Geddes,1
Baruch Lumet,Jerome Robbins,1
Baruch Lumet,Zvi Scooler,1
Baruch Lumet,Molly Picon,1
Baruch Lumet,Rod Steiger,1
Yankev Mandlblit,Zygmunt Turkow,1
Yankev Mandlblit,Moyshe Lipman,1
Yankev Mandlblit,Ida Kaminska,1
Yankev Mandlblit,Adam Domb,1
Yankev Mandlblit,Zalmen Hirshfeld,1
Yankev Mandlblit,Pepi Urich,1
Yankev Mandlblit,Klara Segalovitch,1
Yankev Mandlblit,Yonas Turkow,1
Yankev Mandlblit,Diana Blumenfeld,1
Yankev Mandlblit,Dovid Likht,1
Yankev Mandlblit,Lidia Pototska,1
Yankev Mandlblit,Mikhl Vaykhert,1
Yankev Mandlblit,Khane Braz,1
Yankev Mansdorf,Hersh Poznanski,1
Yankev Mansdorf,Nokhum Melnik,1
Yankev Mansdorf,Ola Lilith,1
Yankev Mansdorf,Władysław Weintraub,1
Yankev Mansdorf,Henekh Kon,1
Yankev Mansdorf,Dovid Herman,1
Yankev Mansdorf,Wladyslaw Godik,1
Yankev Mansdorf,Moyshe Broderzon,1
Yankev Mansdorf,Zygmunt Turkow,1
Yankev Mansdorf,Mikhl Vaykhert,1
Yankev Mansdorf,Falie Goldhirsh,1
Yankev Mansdorf,Tea Artsishevska,1
Yankev Mansdorf,Miriam Lipska-Mansdorf,1
Yankev Mansdorf,Joseph Buloff,1
Hanoch Mayer,Egon Brecher,1
Hanoch Mayer,Isaac Deutsch,1
Hanoch Mayer,Yankev Mestel,1
Hanoch Mayer,Simkhe Natan,1
Hanoch Mayer,Naomi Natan,1
Hanoch Mayer,Lea Weintraub-Graf,1
Klara Meisels,Egon Brecher,1
Klara Meisels,Yudl Goldberg,1
Klara Meisels,Mina Deutsch,1
Klara Meisels,Simkhe Natan,1
Klara Meisels,Klara Meisels,1
Klara Meisels,Ben-Tsiyon Segal,1
Klara Meisels,Isaac Deutsch,1
Klara Meisels,Lea Weintraub-Graf,1
Klara Meisels,Paul Breitman,1
Klara Meisels,Naomi Natan,1
Meir Melman,Ida Kaminska,1
Meir Melman,Zygmunt Turkow,1
Meir Melman,Paul Baratoff,1
Meir Melman,Yoyel Bergman,1
Meir Melman,Israel Kamay,1
Meir Melman,Adam Domb,1
Meir Melman,Ruth Turkow,1
Meir Melman,Sonia Altboym,1
Meir Melman,Lidia Pototska,1
Meir Melman,Jacob Rotbaum,1
Meir Melman,Moyshe Lipman,1
Meir Melman,Judith Berg,1
Meir Melman,Felix Fibich,1
Meir Melman,Jacob Waislitz,1
Nokhum Melnik,Devorah Rosenblum,1
Nokhum Melnik,Hersh Poznanski,1
Nokhum Melnik,Yankev Mansdorf,1
Nokhum Melnik,Ola Lilith,1
Nokhum Melnik,Władysław Weintraub,1
Nokhum Melnik,Henekh Kon,1
Nokhum Melnik,Dovid Herman,1
Nokhum Melnik,Wladyslaw Godik,1
Nokhum Melnik,Moyshe Broderzon,1
Nokhum Melnik,Falie Goldhirsh,1
Nokhum Melnik,Hertz Grosbard,1
Nokhum Melnik,Zalmen Hirshfeld,1
Nokhum Melnik,Tea Artsishevska,1
Nokhum Melnik,Miriam Lipska-Mansdorf,1
Nokhum Melnik,Avrom Morevsky,1
Yankev Mestel,Joseph Buloff,1
Yankev Mestel,Leib Kadison,1
Yankev Mestel,Joseph Green,1
Yankev Mestel,Chaim Shniur,1
Yankev Mestel,Henrik Galeen,1
Yankev Mestel,Ernst Deutsch,1
Yankev Mestel,Osip Dimov,1
Yankev Mestel,Bertha Gersten,1
Yankev Mestel,Reuven Vendorf,1
Yankev Mestel,Pola Valter,1
Yankev Mestel,Moyshe Feder,1
Yankev Mestel,Maurice Schwartz,1
Yankev Mestel,Zvi Scooler,1
Yankev Mestel,Jacob Ben-Ami,1
Yankev Mestel,Avrom Taytlboym,1
Yankev Mestel,Stella Adler,1
Yankev Mestel,Baruch Lumet,1
Yankev Mestel,Luba Kadison,1
Yankev Mestel,Julius Adler,1
Yankev Mestel,Paul Muni,1
Yankev Mestel,Paul Baratoff,1
Yankev Mestel,Boris Aronson,1
Yankev Mestel,Luther Adler,1
Yankev Mestel,Leonid Sniegov,1
Yankev Mestel,Egon Brecher,1
Yankev Mestel,Boris Aronson,1
Yankev Mestel,Rose Shoshana,1
Yankev Mestel,Adolf Bell,1
Yankev Mestel,Itzikl Goldnberg,1
Yankev Mestel,Hanoch Mayer,1
Yankev Mestel,Simkhe Natan,1
Yankev Mestel,Naomi Natan,1
Yankev Mestel,Lea Weintraub-Graf,1
Yankev Mestel,Alexander Granovsky,1
Yankev Mestel,Egon Brecher,1
Yankev Mestel,Wolf Barzel,1
Yankev Mestel,Helen Zelinskaya,1
Yankev Mestel,Lidia Pototska,1
Yankev Mestel,Wolf Zilberberg,1
Yankev Mestel,Boris Auerbach,1
Yankev Mestel,Louis Weisberg,1
Yankev Mestel,Mark Schweid,1
Yankev Mestel,Gustav Schacht,1
Avrom Morevsky,Maurice Schwartz,1
Avrom Morevsky,Klara Segalovitch,1
Avrom Morevsky,Yonas Turkow,1
Avrom Morevsky,Leon Schiller,1
Avrom Morevsky,Władysław Godik,1
Avrom Morevsky,Ester Goldnberg,1
Avrom Morevsky,Max Wiskind,1
Avrom Morevsky,Shloyme Kon,1
Avrom Morevsky,Aaron Zeitlin,1
Avrom Morevsky,Maurice Schwartz,1
Avrom Morevsky,Isaac Samberg,1
Avrom Morevsky,Leon Liebgold,1
Avrom Morevsky,Lili Liliana,1
Avrom Morevsky,Judith Berg,1
Avrom Morevsky,Dina Halpern,1
Avrom Morevsky,Michał Waszyński,1
Avrom Morevsky,Rokhl Holtzer,1
Avrom Morevsky,Shimon Dzigan,1
Avrom Morevsky,Yisroel Shumacher,1
Avrom Morevsky,Khavel Buzgan,1
Avrom Morevsky,Isaac Samberg,1
Avrom Morevsky,Henekh Kon,1
Avrom Morevsky,Gershon Lemberger,1
Avrom Morevsky,Ruth Turkow,1
Avrom Morevsky,Ewald André Dupont,1
Avrom Morevsky,Ernst Deutsch,1
Avrom Morevsky,Alter Kacyzne,1
Avrom Morevsky,Moyshe Lipman,1
Avrom Morevsky,Johannes Guter,1
Avrom Morevsky,Joseph Buloff,1
Avrom Morevsky,Mikhl Vaykhert,1
Avrom Morevsky,Nokhum Lipovski,1
Avrom Morevsky,Alex Stein,1
Avrom Morevsky,Yosef Kamen,1
Avrom Morevsky,Zygmunt Turkow,1
Avrom Morevsky,Ida Kaminska,1
Avrom Morevsky,Chava Eisen,1
Avrom Morevsky,Simkhe Natan,1
Avrom Morevsky,Zalmen Hirshfeld,1
Avrom Morevsky,Yitskhok Dogim,1
Avrom Morevsky,Paul Breitman,1
Avrom Morevsky,Avrom Taytlboym,1
Avrom Morevsky,Dovid Tselmayster,1
Avrom Morevsky,Helen Zelinskaya,1
Avrom Morevsky,Alex Chertov,1
Avrom Morevsky,Khane Braz,1
Avrom Morevsky,Mordechai Mazo,1
Noah Nachbush,Peretz Hirschbein,1
Noah Nachbush,Leah Naomi,1
Noah Nachbush,Maurice Schwartz,1
Noah Nachbush,Luba Kadison,1
Noah Nachbush,Bertha Gersten,1
Noah Nachbush,Zvi Scooler,1
Noah Nachbush,Jacob Ben-Ami,1
Noah Nachbush,Paul Baratoff,1
Noah Nachbush,Reuven Vendorf,1
Noah Nachbush,Charlotte Goldstein Chafran,1
Noah Nachbush,Ida Garber,1
Noah Nachbush,Shloyme Krause,1
Noah Nachbush,Louis Weisberg,1
Noah Nachbush,Alex Chertov,1
Noah Nachbush,Gustav Schacht,1
Leah Naomi,Peretz Hirschbein,1
Leah Naomi,Edgar G. Ulmer,1
Leah Naomi,Helen Beverly,1
Leah Naomi,Jacob Ben-Ami,1
Leah Naomi,Reuven Vendorf,1
Leah Naomi,Paul Baratoff,1
Leah Naomi,Osip Dimov,1
Leah Naomi,Maurice Schwartz,1
Leah Naomi,Noah Nachbush,1
Leah Naomi,Betty Dalska,1
Leah Naomi,Jacob Ben-Ami,1
Leah Naomi,Peretz Hirschbein,1
Leah Naomi,Ester-Rokhl Kaminska,1
Leah Naomi,Ida Garber,1
Leah Naomi,A.Y. Kaminski,1
Leah Naomi,Nokhum Lipovski,1
Leah Naomi,Ester Neroslavska,1
Leah Naomi,Jerome Robbins,1
Leah Naomi,Fela Biro,1
Leah Naomi,Isaac Samberg,1
Leah Naomi,Dovid Tselmayster,1
Leah Naomi,Reuven Vendorf,1
Leah Naomi,Helen Zelinskaya,1
Leah Naomi,Charlotte Goldstein Chafran,1
Leah Naomi,Ida Garber,1
Leah Naomi,Shloyme Krause,1
Leah Naomi,Benjamin Fishbein,1
Leah Naomi,Louis Weisberg,1
Leah Naomi,Alex Chertov,1
Leah Naomi,Natan Gaiptman,1
Leah Naomi,Slava Estrin,1
Leah Naomi,Gustav Schacht,1
Naomi Natan,Simkhe Natan,1
Naomi Natan,Israel Kamay,1
Naomi Natan,Misha Fishzon,1
Naomi Natan,Zygmunt Turkow,1
Naomi Natan,Isaac Deutsch,1
Naomi Natan,Lea Weintraub-Graf,1
Naomi Natan,Klara Meisels,1
Naomi Natan,Khavel Buzgan,1
Naomi Natan,Rivka Shiller,1
Naomi Natan,Liza Schlossberg,1
Naomi Natan,Yankev Kurlender,1
Naomi Natan,Yankev Mestel,1
Naomi Natan,Lea Weintraub-Graf,1
Naomi Natan,Adolf Bell,1
Naomi Natan,Itzikl Goldnberg,1
Naomi Natan,Hanoch Mayer,1
Naomi Natan,Dovid Tselmayster,1
Simkhe Natan,Molly Picon,1
Simkhe Natan,Joseph Green,1
Simkhe Natan,Leon Liebgold,1
Simkhe Natan,Jacob Kalich,1
Simkhe Natan,Fela Garbarz,1
Simkhe Natan,Shimon Dzigan,1
Simkhe Natan,Yisroel Shumacher,1
Simkhe Natan,Ruth Turkow,1
Simkhe Natan,Henekh Kon,1
Simkhe Natan,Zygmunt Turkow,1
Simkhe Natan,Ruth Taru,1
Simkhe Natan,Yankev Reynglas,1
Simkhe Natan,Yosef Kamen,1
Simkhe Natan,Naomi Natan,1
Simkhe Natan,Israel Kamay,1
Simkhe Natan,Misha Fishzon,1
Simkhe Natan,Avrom Morevsky,1
Simkhe Natan,Alex Stein,1
Simkhe Natan,Yosef Kamen,1
Simkhe Natan,Joseph Buloff,1
Simkhe Natan,Egon Brecher,1
Simkhe Natan,Mina Deutsch,1
Simkhe Natan,Klara Meisels,1
Simkhe Natan,Ben-Tsiyon Segal,1
Simkhe Natan,Isaac Deutsch,1
Simkhe Natan,Lea Weintraub-Graf,1
Simkhe Natan,Paul Breitman,1
Simkhe Natan,Khavel Buzgan,1
Simkhe Natan,Rivka Shiller,1
Simkhe Natan,Liza Schlossberg,1
Simkhe Natan,Yankev Kurlender,1
Simkhe Natan,Yankev Mestel,1
Simkhe Natan,Adolf Bell,1
Simkhe Natan,Itzikl Goldnberg,1
Simkhe Natan,Hanoch Mayer,1
Ester Neroslavska,Misha Fishzon,1
Ester Neroslavska,A.Y. Kaminski,1
Ester Neroslavska,Boris Thomashefsky,1
Ester Neroslavska,Maurice Schwartz,1
Ester Neroslavska,Celia Adler,1
Ester Neroslavska,Julius Adler,1
Ester Neroslavska,Jerome Robbins,1
Ester Neroslavska,Leah Naomi,1
Ester Neroslavska,Helen Beverly,1
Ester Neroslavska,Zvi Scooler,1
Ester Neroslavska,Reuven Vendorf,1
Ester Neroslavska,Avrom Taytlboym,1
Ester Neroslavska,Fela Biro,1
Ester Neroslavska,Leo Fuchs,1
Ester Neroslavska,Moyshe Feder,1
Ester Neroslavska,Bertha Gersten,1
Ester Neroslavska,Miriam Kressyn,1
Ester Neroslavska,Leola Vendorf,1
Ester Neroslavska,Molly Pickus,1
Ester Neroslavska,Fela Biro,1
Ester Neroslavska,Luba Kadison,1
Ester Neroslavska,Jacob Ben-Ami,1
Ester Neroslavska,Paul Baratoff,1
Ester Neroslavska,Isaac Schlossberg,1
Ester Neroslavska,Leyzer Zhelazo,1
Ester Neroslavska,Mark Arnshteyn,1
Ester Neroslavska,Leyzer Zhelazo,1
Ester Neroslavska,Shloyme Krause,1
Ester Neroslavska,Zina Rapel,1
Ester Neroslavska,Ester-Rokhl Kaminska,1
Morits Norvid,Alexander Granovsky,1
Morits Norvid,Zygmunt Turkow,1
Morits Norvid,Yonas Turkow,1
Morits Norvid,Yankev Shidlo,1
Morits Norvid,Henrik Tarlo,1
Morits Norvid,Dovid Herman,1
Morits Norvid,Baruch Lumet,1
Miriam Orleska,Dovid Herman,1
Ester Orzevskaya,Leonid Sniegov,1
Ester Orzevskaya,Maurice Schwartz,1
Ester Orzevskaya,Paul Baratoff,1
Ester Orzevskaya,Bertha Gersten,1
Ester Orzevskaya,Julius Adler,1
Molly Pickus,Maurice Schwartz,1
Molly Pickus,Paul Baratoff,1
Molly Pickus,Jacob Ben-Ami,1
Molly Pickus,Fela Biro,1
Molly Pickus,Bertha Gersten,1
Molly Pickus,Luba Kadison,1
Molly Pickus,Ester Neroslavska,1
Molly Pickus,Zvi Scooler,1
Molly Pickus,Avrom Taytlboym,1
Molly Pickus,Reuven Vendorf,1
Molly Pickus,Leola Vendorf,1
Molly Pickus,Jenny Goldstein,1
Molly Pickus,A.Y. Kaminski,1
Moyshe Potashinski,Dovid Herman,1
Moyshe Potashinski,Mila Waislitz,1
Moyshe Potashinski,Jacob Waislitz,1
Moyshe Potashinski,Moyshe Broderzon,1
Moyshe Potashinski,Avrom Morevsky,1
Moyshe Potashinski,Henekh Kon,1
Moyshe Potashinski,Yocheved Waislitz,1
Moyshe Potashinski,Falie Goldhirsh,1
Moyshe Potashinski,Tea Artsishevska,1
Moyshe Potashinski,Miriam Lipska-Mansdorf,1
Moyshe Potashinski,Lidia Pototska,1
Lidia Pototska,Paul Baratoff,1
Lidia Pototska,Yosef Kamen,1
Lidia Pototska,Khavel Buzgan,1
Lidia Pototska,Max Reinhardt,1
Lidia Pototska,Alexander Moissi,1
Lidia Pototska,Egon Brecher,1
Lidia Pototska,Jacob Ben-Ami,1
Lidia Pototska,Ida Kaminska,1
Lidia Pototska,Klara Segalovitsh,1
Lidia Pototska,Alex Stein,1
Lidia Pototska,Władysław Godik,1
Lidia Pototska,Natan Breitman,1
Lidia Pototska,Ida Kaminska,1
Lidia Pototska,Klara Segalovitch,1
Lidia Pototska,Yankev Mandlblit,1
Lidia Pototska,Pepi Urich,1
Lidia Pototska,Meir Melman,1
Lidia Pototska,Moyshe Potashinski,1
Lidia Pototska,Alexander Moissi,1
Lidia Pototska,Ben-Tsiyon Segal,1
Lidia Pototska,Daniel Shapiro,1
Lidia Pototska,Stella Adler,1
Lidia Pototska,Helen Zelinskaya,1
Lidia Pototska,Reuven Vendorf,1
Lidia Pototska,Leonid Sniegov,1
Lidia Pototska,Yankev Mestel,1
Lidia Pototska,Moyshe Burstin,1
Lidia Pototska,Slava Estrin,1
Hersh Poznanski,Dovid Herman,1
Hersh Poznanski,Bela Belarina,1
Hersh Poznanski,Avrom Morevsky,1
Hersh Poznanski,Yonas Turkow,1
Hersh Poznanski,Zygmunt Turkow,1
Hersh Poznanski,Yonas Turkow,1
Hersh Poznanski,Władysław Weintraub,1
Hersh Poznanski,A. Roytman,1
Hersh Poznanski,Avrom Eyzenberg,1
Hersh Poznanski,Ola Lilith,1
Hersh Poznanski,Władysław Godik,1
Hersh Poznanski,Yankev Mansdorf,1
Hersh Poznanski,Nokhum Melnik,1
Hersh Poznanski,Falie Goldhirsh,1
Hersh Poznanski,Itzik Kadison,1
Hersh Poznanski,Tea Artsishevska,1
Hersh Poznanski,Miriam Lipska-Mansdorf,1
Ester Rapel,Zalmen Hirshfeld,1
Ester Rapel,Yosef Kamen,1
Ester Rapel,Nadia Kareni,1
Ester Rapel,Shmuel Iris,1
Ester Rapel,Zina Rapel,1
Yankev Reynglas,Moyshe Broderzon,1
Yankev Reynglas,Shimon Dzigan,1
Yankev Reynglas,Yisroel Shumacher,1
Yankev Reynglas,Rokhl Holtzer,1
Yankev Reynglas,Simkhe Natan,1
Yankev Reynglas,Ruth Taru,1
Yankev Reynglas,Ida Kaminska,1
Yankev Reynglas,Sidney J. Furie,1
Yankev Reynglas,Dovid Likht,1
Yankev Reynglas,Zisl Gorlitska-Reynglas,1
Yankev Reynglas,Liza Schlossberg,1
Yankev Reynglas,Alex Stein,1
Yankev Reynglas,Khayele Shiper,1
R. Rivkina,Peretz Hirschbein,1
Devorah Rosenblum,Teatr Reduta,1
Devorah Rosenblum,Nokhum Melnik,1
Devorah Rosenblum,Hertz Grosbard,1
Devorah Rosenblum,Zalmen Hirshfeld,1
Devorah Rosenblum,Juliusz Osterwa,1
Lea Rotbaum,Alexander Granovsky,1
Lea Rotbaum,Sara Rotbaum,1
Sara Rotbaum,Jacob Rotbaum,1
Sara Rotbaum,Alexander Granovsky,1
Sara Rotbaum,Solomon Mikhoels,1
Sara Rotbaum,Lea Rotbaum,1
Sara Rotbaum,Yankev Shidlo,1
Jacob Rotbaum,Yankev Kurlender,1
Jacob Rotbaum,Dovid Likht,1
Jacob Rotbaum,Shimon Dzigan,1
Jacob Rotbaum,Yisroel Shumacher,1
Jacob Rotbaum,Nadia Kareni,1
Jacob Rotbaum,Meir Melman,1
Jacob Rotbaum,Judith Berg,1
Jacob Rotbaum,Felix Fibich,1
Jacob Rotbaum,Moyshe Lipman,1
Jacob Rotbaum,Sara Rotbaum,1
Jacob Rotbaum,Sami Feder,1
Jacob Rotbaum,Jacob Waislitz,1
A.  Roytman,Władysław Weintraub,1
A.  Roytman,Ola Lilith,1
A.  Roytman,Avrom Eyzenberg,1
A.  Roytman,Moyshe Potashinsky,1
A.  Roytman,Władysław Godik,1
A.  Roytman,Ida Kaminska,1
A.  Roytman,Moyshe Lipman,1
A.  Roytman,Malvina Rapel,1
A.  Roytman,Hersh Poznanski,1
Isaac Samberg,Avrom Morevsky,1
Isaac Samberg,Leon Liebgold,1
Isaac Samberg,Lili Liliana,1
Isaac Samberg,Judith Berg,1
Isaac Samberg,Michał Waszyński,1
Isaac Samberg,Dina Halpern,1
Isaac Samberg,Rokhl Holtzer,1
Isaac Samberg,Shimon Dzigan,1
Isaac Samberg,Yisroel Shumacher,1
Isaac Samberg,Khavel Buzgan,1
Isaac Samberg,Ruth Turkow,1
Isaac Samberg,Klara Segalovitch,1
Isaac Samberg,Henekh Kon,1
Isaac Samberg,Gershon Lemberger,1
Isaac Samberg,Ester-Rokhl Kaminska,1
Isaac Samberg,Moyshe Lipman,1
Isaac Samberg,Alter Kacyzne,1
Isaac Samberg,Miriam Kressyn,1
Isaac Samberg,Joseph Green,1
Isaac Samberg,Ida Kaminska,1
Isaac Samberg,Helena Gotlib,1
Isaac Samberg,Maurice Schwartz,1
Isaac Samberg,Pepi Urich,1
Isaac Samberg,Leah Naomi,1
Isaac Samberg,Boris Thomashefsky,1
Isaac Samberg,Rose Shoshana,1
Isaac Samberg,Moyshe Burstin,1
Isaac Samberg,Zina Rapel,1
Isaac Samberg,Zygmunt Turkow,1
Isaac Samberg,Władysław Godik,1
Isaac Samberg,Khane Braz,1
A. Sandu,Zygmunt Turkow,1
A. Sandu,Ida Kaminska,1
A. Sandu,Paul Baratoff,1
A. Sandu,Paul Breitman,1
A. Sandu,Misha Fishzon,1
S. Z. Schidlover,Fela Biro,1
S. Z. Schidlover,Alexander Granovsky,1
S. Z. Schidlover,Menasha Skulnik,1
Isaac Schlossberg,Shloyme Krause,1
Isaac Schlossberg,Zina Rapel,1
Moyshe Schneidow,Maurice Schwartz,1
Moyshe Schneidow,Alex Stein,1
Moyshe Schneidow,Misha Fishzon,1
Moyshe Schneidow,Vera Zaslavskaja,1
Moyshe Schneidow,Mikhl Vaykhert,1
Moyshe Schneidow,Paul Baratoff,1
Moyshe Schneidow,Abe Ellstein,1
Moyshe Schneidow,Molly Picon,1
Moyshe Schneidow,Jacob Kalich,1
Moyshe Schneidow,Henekh Kon,1
Mark Schweid,Maurice Schwartz,1
Mark Schweid,Wolf Zilberberg,1
Mark Schweid,Yankev Mestel,1
Mark Schweid,Bertha Gersten,1
Mark Schweid,Mordecai Gorelik,1
Mark Schweid,Kurl Weill,1
Mark Schweid,Max Reinhardt,1
Mark Schweid,Benjamin Zemach,1
Mark Schweid,Alex Chertov,1
Mark Schweid,Cheryl Crawford,1
Mark Schweid,Morris Carnovsky,1
Mark Schweid,Celia Adler,1
Mark Schweid,Helen Zelinskaya,1
Mark Schweid,A.Y. Kaminski,1
Mark Schweid,Alfred Lunt,1
Mark Schweid,Y.L. Peretz,1
Mark Schweid,Dovid Herman,1
Mark Schweid,Kurt Weill,1
Ben-Tsiyon Segal,Egon Brecher,1
Ben-Tsiyon Segal,Mina Deutsch,1
Ben-Tsiyon Segal,Simkhe Natan,1
Ben-Tsiyon Segal,Klara Meisels,1
Ben-Tsiyon Segal,Lidia Pototska,1
Ben-Tsiyon Segal,Isaac Deutsch,1
Ben-Tsiyon Segal,Lea Weintraub-Graf,1
Ben-Tsiyon Segal,Paul Breitman,1
Ben-Tsiyon Segal,Yankev Mestel,1
Klara Segalovitch,Isaac Samberg,1
Klara Segalovitch,Zygmund Turkow,1
Klara Segalovitch,Diana Blumenfeld,1
Klara Segalovitch,Ida Kaminska,1
Klara Segalovitch,Maurice Schwartz,1
Klara Segalovitch,Avrom Morevski,1
Klara Segalovitch,Leon Schiller,1
Klara Segalovitch,Władysław Godik,1
Klara Segalovitch,Daniel Shapiro,1
Klara Segalovitch,Ester Goldnberg,1
Klara Segalovitch,Shloyme Kon,1
Klara Segalovitch,Max Wiskind,1
Klara Segalovitch,Aaron Zeitlin,1
Klara Segalovitch,Dina Halpern,1
Klara Segalovitch,Rokhl Holtzer,1
Klara Segalovitch,Shimon Dzigan,1
Klara Segalovitch,Yisroel Shumacher,1
Klara Segalovitch,Khavel Buzgan,1
Klara Segalovitch,Ruth Turkow,1
Klara Segalovitch,Isaac Samberg,1
Klara Segalovitch,Henekh Kon,1
Klara Segalovitch,Gershon Lemberger,1
Klara Segalovitch,Moyshe Lipman,1
Klara Segalovitch,Ruth Turkow,1
Klara Segalovitch,Diana Blumenfeld,1
Klara Segalovitch,Yonas Turkow,1
Klara Segalovitch,Yankev Kurlender,1
Klara Segalovitch,Helena Gotlib,1
Klara Segalovitch,Henryk Szaro,1
Klara Segalovitch,Khane Braz,1
Klara Segalovitch,Avrom Morevsky,1
Klara Segalovitch,Alex Stein,1
Klara Segalovitch,Adam Domb,1
Klara Segalovitch,Sonia Altboym,1
Klara Segalovitch,Lidia Pototska,1
Klara Segalovitch,Fela Garbarz,1
Klara Segalovitch,Ida Kaminska,1
Klara Segalovitch,Yankev Mandlblit,1
Klara Segalovitch,Rose Shoshana,1
Klara Segalovitch,Paul Baratoff,1
Klara Segalovitch,Bertha Gersten,1
Annie Shapiro,Boris Thomashefsky,1
Annie Shapiro,Celia Adler,1
Daniel Shapiro,Klara Segalovitch,1
Daniel Shapiro,Avrom Morevsky,1
Daniel Shapiro,Mordechai Mazo,1
Daniel Shapiro,Mikhl Vaykhert,1
Daniel Shapiro,Leon Schiller,1
Daniel Shapiro,Władysław Godik,1
Daniel Shapiro,Ester Goldnberg,1
Daniel Shapiro,Shloyme Kon,1
Daniel Shapiro,Max Wiskind,1
Daniel Shapiro,Aaron Zeitlin,1
Daniel Shapiro,Avrom Morevsky,1
Daniel Shapiro,Rivke Gamarska,1
Daniel Shapiro,Rose Shoshana,1
Daniel Shapiro,Zygmunt Turkow,1
Daniel Shapiro,Moyshe Lipman,1
Daniel Shapiro,Lidia Pototska,1
Daniel Shapiro,Paul Baratoff,1
Daniel Shapiro,Khavel Buzgan,1
Daniel Shapiro,Alex Stein,1
Daniel Shapiro,Julius Adler,1
Daniel Shapiro,Frida Vitalin,1
Daniel Shapiro,Khane Braz,1
Daniel Shapiro,Yitzkhok Grudberg,1
Daniel Shapiro,Rokhl Holtzer,1
Yosef Shayn,Jacob Waislitz,1
Yosef Shayn,Rokhl Holtzer,1
Yosef Shayn,Alexander Granovsky,1
Shmuel Sheftel,Alexander Granovsky,1
Yankev Shidlo,Jenny Epstein,1
Yankev Shidlo,Alexander Granovsky,1
Yankev Shidlo,Solomon Mikhoels,1
Yankev Shidlo,Zygmunt Turkow,1
Yankev Shidlo,Yonas Turkow,1
Yankev Shidlo,Morits Norvid,1
Yankev Shidlo,Henrik Tarlo,1
Yankev Shidlo,Sara Rotbaum,1
Rivka Shiller,Khavel Buzgan,1
Rivka Shiller,Maurice Schwartz,1
Rivka Shiller,Ida Kaminska,1
Rivka Shiller,Liza Schlossberg,1
Rivka Shiller,Simkhe Natan,1
Rivka Shiller,Naomi Natan,1
Rivka Shiller,Yankev Kurlender,1
Rivka Shiller,Khavel Buzgan,1
Rivka Shiller,Khane Braz,1
Chaim Shniur,Peretz Hirschbein,1
Chaim Shniur,Bela Belarina,1
Chaim Shniur,Joseph Green,1
Chaim Shniur,Yankev Blayfer,1
Chaim Shniur,Dovid Pinski,1
Chaim Shniur,Peretz Hirschbein,1
Chaim Shniur,H. Leivick,1
Chaim Shniur,Egon Brecher,1
Chaim Shniur,David Vardi,1
Chaim Shniur,Boris Aronson,1
Chaim Shniur,Yankev Mestel,1
Chaim Shniur,Henrik Galeen,1
Chaim Shniur,Ernst Deutsch,1
Chaim Shniur,Maurice Schwartz,1
Chaim Shniur,Yankev Mestel,1
Chaim Shniur,Julius Adler,1
Chaim Shniur,Luther Adler,1
Chaim Shniur,Baruch Lumet,1
Chaim Shniur,Paul Baratoff,1
Chaim Shniur,Jacob Bergrin,1
Chaim Shniur,Mendl Elkin,1
Chaim Shniur,Wolf Barzel,1
Chaim Shniur,Jacob Ben-Ami,1
Chaim Shniur,Joseph Buloff,1
Chaim Shniur,Celia Adler,1
Chaim Shniur,Frida Vitalin,1
Ben Tsion Shoenfeld,Jacob Rotbaum,1
Ben Tsion Shoenfeld,Alex Chertov,1
Ben Tsion Shoenfeld,Maurice Schwartz,1
Ben Tsion Shoenfeld,Lucy German,1
Ben Tsion Shoenfeld,Luba Kadison,1
Ben Tsion Shoenfeld,Misha Fishzon,1
Ben Tsion Shoenfeld,Misha German,1
Ben Tsion Shoenfeld,Avrom Taytlboym,1
Ben Tsion Shoenfeld,Shloyme Krause,1
Ben Tsion Shoenfeld,Ben Tsion Katz,1
Avrom Slabodski,Bela Daniel,1
Leonid Sniegov,Ester Orzevskaya,1
Leonid Sniegov,Maurice Schwartz,1
Leonid Sniegov,Jacob Ben-Ami,1
Leonid Sniegov,Yankev Mestel,1
Leonid Sniegov,Helen Zelinskaya,1
Leonid Sniegov,Wolf Barzel,1
Leonid Sniegov,Alexander Granovsky,1
Leonid Sniegov,Egon Brecher,1
Leonid Sniegov,Paul Baratoff,1
Leonid Sniegov,Bertha Gersten,1
Leonid Sniegov,Julius Adler,1
Leonid Sniegov,Joseph Buloff,1
Leonid Sniegov,Fred Astaire,1
Leonid Sniegov,Cyd Charisse,1
Leonid Sniegov,Ingrid Bergman,1
Leonid Sniegov,Gary Cooper,1
Leonid Sniegov,Cesar Romero,1
Leonid Sniegov,Jimmy Stewart,1
Leonid Sniegov,Stella Adler,1
Leonid Sniegov,Reuven Vendorf,1
Leonid Sniegov,Lidia Pototska,1
Leonid Sniegov,Helen Zelinskaya,1
Leonid Sniegov,Moyshe Burstin,1
Fraym Sorkin,Misha Fishzon,1
Fraym Sorkin,Paul Baratoff,1
Fraym Sorkin,Itzikl Goldnberg,1
Fraym Sorkin,Yankev Shternberg,1
Alex Stein,Maurice Schwartz,1
Alex Stein,Avrom Morevsky,1
Alex Stein,Nokhum Lipovski,1
Alex Stein,Joseph Buloff,1
Alex Stein,Yosef Kamen,1
Alex Stein,Zygmunt Turkow,1
Alex Stein,Ida Kaminska,1
Alex Stein,Mark Arnshteyn,1
Alex Stein,Adam Domb,1
Alex Stein,Sonia Altboym,1
Alex Stein,Simkhe Natan,1
Alex Stein,Lidia Pototska,1
Alex Stein,Liza Schlossberg,1
Alex Stein,Dovid Likht,1
Alex Stein,Yankev Reynglas,1
Alex Stein,Daniel Shapiro,1
Alex Stein,Lucy German,1
Alex Stein,Misha German,1
Alex Stein,Yitzkhok Grudberg,1
Alex Stein,Bertha Gersten,1
Alex Stein,Joseph Green,1
Alex Stein,Khane Braz,1
Alex Stein,Klara Segalovitch,1
Sholem Tanin,Leib Kadison,1
Henrik Tarlo,Zygmunt Turkow,1
Henrik Tarlo,Władysław Godik,1
Henrik Tarlo,Ida Kaminska,1
Henrik Tarlo,Ester-Rokhl Kaminska,1
Henrik Tarlo,Diana Blumenfeld,1
Henrik Tarlo,Adam Domb,1
Henrik Tarlo,Sonia Altboym,1
Henrik Tarlo,Ruth Turkow,1
Henrik Tarlo,Yonas Turkow,1
Henrik Tarlo,Moyshe Lipman,1
Henrik Tarlo,Dovid Herman,1
Henrik Tarlo,Yankev Shidlo,1
Henrik Tarlo,Yonas Turkow,1
Henrik Tarlo,Morits Norvid,1
Ruth Taru,Zygmunt Turkow,1
Ruth Taru,Ida Kaminska,1
Ruth Taru,Simkhe Natan,1
Ruth Taru,Yankev Reynglas,1
Ruth Taru,Henrik Galeen,1
Moyshe Tayman,Dvoid Tselmayster,1
Moyshe Tayman,A.Y. Kaminski,1
Moyshe Tayman,Moyshe Lipman,1
Moyshe Tayman,Zygmunt Turkow,1
Moyshe Tayman,Ida Kaminska,1
Moyshe Tayman,Boris Thomashefsky,1
Moyshe Tayman,Dovid Tselmayster,1
Avrom Taytlboym,Jacob Ben-Ami,1
Avrom Taytlboym,Yankev Mestel,1
Avrom Taytlboym,Reuven Vendorf,1
Avrom Taytlboym,Maurice Schwartz,1
Avrom Taytlboym,Baruch Lumet,1
Avrom Taytlboym,Zvi Scooler,1
Avrom Taytlboym,Lucy German,1
Avrom Taytlboym,Misha German,1
Avrom Taytlboym,Luba Kadison,1
Avrom Taytlboym,Joseph Buloff,1
Avrom Taytlboym,Boris Aronson,1
Avrom Taytlboym,Julius Adler,1
Avrom Taytlboym,Bertha Gersten,1
Avrom Taytlboym,Paul Muni,1
Avrom Taytlboym,Paul Baratoff,1
Avrom Taytlboym,Celia Adler,1
Avrom Taytlboym,Helen Beverly,1
Avrom Taytlboym,Sam Leve,1
Avrom Taytlboym,Mark Arnshteyn,1
Avrom Taytlboym,Ester-Rokhl Kaminska,1
Avrom Taytlboym,Leib Kadison,1
Avrom Taytlboym,Luba Kadison,1
Avrom Taytlboym,Dovid Likht,1
Avrom Taytlboym,Ester Neroslavska,1
Avrom Taytlboym,Jerome Robbins,1
Avrom Taytlboym,Fela Biro,1
Avrom Taytlboym,Leola Vendorf,1
Avrom Taytlboym,Molly Pickus,1
Avrom Taytlboym,Jenny Goldstein,1
Avrom Taytlboym,Charlotte Goldstein Chafran,1
Avrom Taytlboym,Bela Belarina,1
Avrom Taytlboym,Joseph Green,1
Avrom Taytlboym,Avrom Morevsky,1
Avrom Taytlboym,Mordechai Yachson,1
Avrom Taytlboym,Yoysef Shlivniak,1
Avrom Taytlboym,Shloyme Krause,1
Avrom Taytlboym,Louis Weisberg,1
Avrom Taytlboym,Ben Tsion Shoenfeld,1
Avrom Taytlboym,Alex Chertov,1
Avrom Taytlboym,Y.L. Peretz,1
Dovid Tselmayster,A.Y. Kaminski,1
Dovid Tselmayster,Moyshe Tayman,1
Dovid Tselmayster,Leah Naomi,1
Zygmunt Turkow,Miriam Kressyn,1
Zygmunt Turkow,Dina Halpern,1
Zygmunt Turkow,Henryk Szaro,1
Zygmunt Turkow,Ester-Rokhl Kaminska,1
Zygmunt Turkow,Władysław Godik,1
Zygmunt Turkow,Moyshe Lipman,1
Zygmunt Turkow,Yonas Turkow,1
Zygmunt Turkow,Diana Blumenfeld,1
Zygmunt Turkow,Ida Kaminska,1
Zygmunt Turkow,Shabsay Bliakher,1
Zygmunt Turkow,Arnold Szyfman,1
Zygmunt Turkow,Bela Belarina,1
Zygmunt Turkow,Hersh Poznanski,1
Zygmunt Turkow,Avrom Morevsky,1
Zygmunt Turkow,Roza Birnboym,1
Zygmunt Turkow,Ester-Rokhl Kaminska,1
Zygmunt Turkow,Betty Dalska,1
Zygmunt Turkow,Ida Kaminska,1
Zygmunt Turkow,Wolf Zilberberg,1
Zygmunt Turkow,Zalmen Hirshfeld,1
Zygmunt Turkow,Yankev Mandlblit,1
Zygmunt Turkow,Khavel Buzgan,1
Zygmunt Turkow,Josef Kaminski,1
Zygmunt Turkow,Yitskhok Dogim,1
Zygmunt Turkow,Paul Breitman,1
Zygmunt Turkow,A. Sandu,1
Zygmunt Turkow,Rose Shoshana,1
Zygmunt Turkow,Moyshe Tayman,1
Zygmunt Turkow,A.Y. Kaminski,1
Zygmunt Turkow,Boris Glagolin,1
Zygmunt Turkow,Pepi Urich,1
Pepi Urich,Yankev Mandlblit,1
Pepi Urich,Yonas Turkow,1
Pepi Urich,Diana Blumenfeld,1
Pepi Urich,Dovid Likht,1
Pepi Urich,Lidia Pototska,1
Pepi Urich,Isaac Samberg,1
Pepi Urich,Dovid Herman,1
Pepi Urich,Moyshe Broderzon,1
Pepi Urich,Zygmunt Turkow,1
Pepi Urich,Isaac Samberg,1
Pepi Urich,Bertha Gersten,1
Pepi Urich,Henekh Kon,1
Pepi Urich,Simkhe Vaynshtok,1
Pola Valter,Moyshe Feder,1
Pola Valter,Reuven Vendorf,1
Pola Valter,Yankev Mestel,1
Pola Valter,Osip Dimov,1
Pola Valter,Bertha Gersten,1
Pola Valter,Rose Shoshana,1
Pola Valter,Rokhl Holtzer,1
Mikhl Vaykhert,Władysław Godik,1
Mikhl Vaykhert,Ester Goldnberg,1
Mikhl Vaykhert,Shloyme Kon,1
Mikhl Vaykhert,Max Wiskind,1
Mikhl Vaykhert,Aaron Zeitlin,1
Mikhl Vaykhert,Rose Shoshana,1
Mikhl Vaykhert,Moyshe Schneidow,1
Simkhe Vaynshtok,Dovid Herman,1
Simkhe Vaynshtok,Henekh Kon,1
Simkhe Vaynshtok,Moyshe Broderzon,1
Simkhe Vaynshtok,Władysław Godik,1
Simkhe Vaynshtok,Pepi Urich,1
Simkhe Vaynshtok,Yonas Turkow,1
Simkhe Vaynshtok,Bertha Kalich,1
Leola Vendorf,Leib Kadison,1
Leola Vendorf,Misha Fishzon,1
Leola Vendorf,Jack Nicholson,1
Leola Vendorf,Reuven Vendorf,1
Leola Vendorf,Molly Pickus,1
Leola Vendorf,Maurice Schwartz,1
Leola Vendorf,Paul Baratoff,1
Leola Vendorf,Jacob Ben-Ami,1
Leola Vendorf,Fela Biro,1
Leola Vendorf,Bertha Gersten,1
Leola Vendorf,Luba Kadison,1
Leola Vendorf,Ester Neroslavska,1
Leola Vendorf,Zvi Scooler,1
Leola Vendorf,Avrom Taytlboym,1
Leola Vendorf,Cary Grant,1
Leola Vendorf,Doris Day,1
Leola Vendorf,Gene Kelly,1
Leola Vendorf,Cyd Charisse,1
Leola Vendorf,Sidney Poitier,1
Leola Vendorf,Leonard Nimoy,1
Leola Vendorf,Helin Zelinskaya,1
Leola Vendorf,Ida Garber,1
Leola Vendorf,Shloyme Krause,1
Leola Vendorf,Benjamin Fishbein,1
Leola Vendorf,Alex Chertov,1
Leola Vendorf,Helen Zelinskaya,1
Reuven Vendorf,Maurice Schwartz,1
Reuven Vendorf,Moyshe Feder,1
Reuven Vendorf,Pola Valter,1
Reuven Vendorf,Yankev Mestel,1
Reuven Vendorf,Osip Dimov,1
Reuven Vendorf,Bertha Gersten,1
Reuven Vendorf,Jacob Ben-Ami,1
Reuven Vendorf,Avrom Taytlboym,1
Reuven Vendorf,Paul Baratoff,1
Reuven Vendorf,Edgar G. Ulmer,1
Reuven Vendorf,Julius Adler,1
Reuven Vendorf,Luba Kadison,1
Reuven Vendorf,Zvi Scooler,1
Reuven Vendorf,Noah Nachbush,1
Reuven Vendorf,Helen Beverly,1
Reuven Vendorf,Sam Leve,1
Reuven Vendorf,Ida Garber,1
Reuven Vendorf,Ester Neroslavska,1
Reuven Vendorf,Jerome Robbins,1
Reuven Vendorf,Fela Biro,1
Reuven Vendorf,Leola Vendorf,1
Reuven Vendorf,Molly Pickus,1
Reuven Vendorf,Jenny Goldstein,1
Reuven Vendorf,Peretz Hirschbein,1
Reuven Vendorf,Jacob Ben-Ami,1
Reuven Vendorf,Leah Naomi,1
Reuven Vendorf,Betty Dalska,1
Reuven Vendorf,Dovid Herman,1
Reuven Vendorf,Wolf Zilberberg,1
Reuven Vendorf,Avrom Morevsky,1
Reuven Vendorf,Nokhum Lipovski,1
Reuven Vendorf,Helen Zelinskaya,1
Reuven Vendorf,Julius Adler,1
Reuven Vendorf,Charlotte Goldstein Chafran,1
Reuven Vendorf,Paul Baratoff,1
Reuven Vendorf,Stella Adler,1
Reuven Vendorf,Lidia Pototska,1
Reuven Vendorf,Yankev Mestel,1
Reuven Vendorf,Leonid Sniegov,1
Reuven Vendorf,Gene Saks,1
Reuven Vendorf,Seymour Rexite,1
Reuven Vendorf,Sidney Poitier,1
Reuven Vendorf,Ida Garber,1
Reuven Vendorf,Shloyme Krause,1
Reuven Vendorf,Benjamin Fishbein,1
Reuven Vendorf,Alex Chertov,1
Reuven Vendorf,Natan Gaiptman,1
Reuven Vendorf,Slava Estrin,1
Reuven Vendorf,Cyd Charisse,1
Reuven Vendorf,Gene Kelly,1
Miriam Veyde,Zygmunt Turkow,1
Miriam Veyde,Dovid Herman,1
Frida Vitalin,Peretz Hirschbein,1
Frida Vitalin,Jacob Ben-Ami,1
Frida Vitalin,Mendl Elkin,1
Frida Vitalin,Chaim Shniur,1
Frida Vitalin,Yankev Blayfer,1
Frida Vitalin,Jacob Bergrin,1
Frida Vitalin,Bela Belarina,1
Frida Vitalin,Boris Aronson,1
Frida Vitalin,Wolf Barzel,1
Frida Vitalin,Avrom Morevsky,1
Frida Vitalin,Alex Stein,1
Frida Vitalin,Khavel Buzgan,1
Frida Vitalin,Daniel Shapiro,1
Frida Vitalin,Yonas Turkow,1
Jacob Waislitz,Moyshe Potashinski,1
Jacob Waislitz,Mila Waislitz,1
Jacob Waislitz,Yocheved Waislitz,1
Jacob Waislitz,Rokhl Holtzer,1
Jacob Waislitz,Dina Koenig,1
Jacob Waislitz,Yosef Kamen,1
Jacob Waislitz,Dovid Likht,1
Jacob Waislitz,Dovid Herman,1
Jacob Waislitz,Yosef Shayn,1
Jacob Waislitz,Zygmunt Turkow,1
Jacob Waislitz,Jacob Rotbaum,1
Jacob Waislitz,Meir Melman,1
Jacob Waislitz,Ida Kaminska,1
Jacob Waislitz,Ruth Turkow,1
Jacob Waislitz,Dovid Herman,1
Jacob Waislitz,Y.L. Peretz,1
Mila Waislitz,Moyshe Potashinski,1
Mila Waislitz,Jacob Waislitz,1
Mila Waislitz,Yocheved Waislitz,1
Mila Waislitz,Rokhl Holtzer,1
Yocheved Waislitz,Moyshe Potashinski,1
Yocheved Waislitz,Mila Waislitz,1
Yocheved Waislitz,Jacob Waislitz,1
Yocheved Waislitz,Dina Koenig,1
Yocheved Waislitz,Yosef Kamen,1
Yocheved Waislitz,Dovid Likht,1
Yocheved Waislitz,Dovid Herman,1
Yocheved Waislitz,Rokhl Holtzer,1
Lea Weintraub-Graf,Isaac Deutsch,1
Lea Weintraub-Graf,Paul Breitman,1
Lea Weintraub-Graf,Simkhe Natan,1
Lea Weintraub-Graf,Klara Meisels,1
Lea Weintraub-Graf,Ben-Tsiyon Segal,1
Lea Weintraub-Graf,Naomi Natan,1
Lea Weintraub-Graf,Yankev Mestel,1
Lea Weintraub-Graf,Adolf Bell,1
Lea Weintraub-Graf,Itzikl Goldnberg,1
Lea Weintraub-Graf,Hanoch Mayer,1
Louis Weisberg,Maurice Schwartz,1
Louis Weisberg,Joseph Green,1
Louis Weisberg,Stella Adler,1
Louis Weisberg,Bertha Gersten,1
Louis Weisberg,Ben Tsion Katz,1
Louis Weisberg,Yankev Mestel,1
Louis Weisberg,Boris Aronson,1
Louis Weisberg,Shloyme Krause,1
Louis Weisberg,Ida Garber,1
Louis Weisberg,Noah Nachbush,1
Louis Weisberg,Leah Naomi,1
Louis Weisberg,Charlotte Goldstein Chafran,1
Louis Weisberg,Helen Zelinskaya,1
Louis Weisberg,Boris Auerbach,1
Louis Weisberg,Paul Baratoff,1
Louis Weisberg,Celia Adler,1
Louis Weisberg,Leon Liebgold,1
Louis Weisberg,Jacob Ben-Ami,1
Louis Weisberg,Alex Chertov,1
Louis Weisberg,Luba Kadison,1
Louis Weisberg,Avrom Taytlboym,1
Louis Weisberg,Misha German,1
Louis Weisberg,Lucy German,1
Mordechai Yachson,Ben Tsion Katz,1
Mordechai Yachson,Maurice Schwartz,1
Mordechai Yachson,Misha German,1
Mordechai Yachson,Lucy German,1
Mordechai Yachson,Wolf Barzel,1
Mordechai Yachson,Miriam Kressyn,1
Mordechai Yachson,Molly Picon,1
Mordechai Yachson,Leo Fuchs,1
Mordechai Yachson,Leon Liebgold,1
Mordechai Yachson,Seymour Rexite,1
Mordechai Yachson,Menasha Skulnik,1
Mordechai Yachson,Boris Thomashefsky,1
Mordechai Yachson,Zvi Scooler,1
Mordechai Yachson,Dina Halpern,1
Mordechai Yachson,Boris Aronson,1
Mordechai Yachson,Joseph Buloff,1
Mordechai Yachson,Celia Adler,1
Mordechai Yachson,Avrom Taytlboym,1
Mordechai Yachson,Paul Baratoff,1
Mordechai Yachson,Baruch Lumet,1
Mordechai Yachson,Misha Fishzon,1
Mordechai Yachson,Dovid Likht,1
Mordechai Yachson,Yitskhok Dogim,1
Helen Zelinskaya,Reuven Vendorf,1
Helen Zelinskaya,Maurice Schwartz,1
Helen Zelinskaya,Julius Adler,1
Helen Zelinskaya,Luba Kadison,1
Helen Zelinskaya,Paul Baratoff,1
Helen Zelinskaya,Bertha Gersten,1
Helen Zelinskaya,Zvi Scooler,1
Helen Zelinskaya,Jacob Ben-Ami,1
Helen Zelinskaya,Stella Adler,1
Helen Zelinskaya,Lidia Pototska,1
Helen Zelinskaya,Yankev Mestel,1
Helen Zelinskaya,Leonid Sniegov,1
Helen Zelinskaya,Leola Vendorf,1
Helen Zelinskaya,Charlotte Goldstein Safran,1
Helen Zelinskaya,Leah Naomi,1
Helen Zelinskaya,Ben Tsion Katz,1
Helen Zelinskaya,Avrom Morevsky,1
Helen Zelinskaya,Celia Adler,1
Helen Zelinskaya,Joseph Green,1
Helen Zelinskaya,Ida Garber,1
Helen Zelinskaya,Elia Kazan,1
Helen Zelinskaya,Guthrie McClintic,1
Helen Zelinskaya,Jo Mielziner,1
Helen Zelinskaya,Shloyme Krause,1
Helen Zelinskaya,Benjamin Fishbein,1
Helen Zelinskaya,Louis Weisberg,1
Helen Zelinskaya,Alex Chertov,1
Helen Zelinskaya,Mark Schweid,1
Helen Zelinskaya,Charlotte Goldstein Chafran,1
Helen Zelinskaya,Gustav Schacht,1
Leyzer Zhelazo,Misha Fishzon,1
Leyzer Zhelazo,Roza Birnboym,1
Leyzer Zhelazo,A.Y. Kaminski,1
Leyzer Zhelazo,Ester-Rokhl Kaminska,1
Leyzer Zhelazo,Moyshe Feder,1
Leyzer Zhelazo,Ester Neroslavska,1
Leyzer Zhelazo,Isaac Schlossberg,1
Leyzer Zhelazo,Mark Arnshteyn,1
Leyzer Zhelazo,Wolf Zilberberg,1
Leyzer Zhelazo,Ida Kaminska,1
Leyzer Zhelazo,Zygmunt Turkow,1
Leyzer Zhelazo,Betty Dalska,1
Leyzer Zhelazo,Roza Birnboym,1
Leyzer Zhelazo,Jacob Ben-Ami,1
Leyzer Zhelazo,Ester Neroslavska,1
Leyzer Zhelazo,Paul Breitman,1
Wolf Zilberberg,Zygmunt Turkow,1
Wolf Zilberberg,Ester-Rokhl Kaminska,1
Wolf Zilberberg,Betty Dalska,1
Wolf Zilberberg,Ida Kaminska,1
Wolf Zilberberg,Roza Birnboym,1
Wolf Zilberberg,Peretz Hirschbein,1
Wolf Zilberberg,Misha Fishzon,1
Wolf Zilberberg,Rose Shoshana,1
Wolf Zilberberg,Reuven Vendorf,1
Wolf Zilberberg,Leyzer Zhelazo,1
Wolf Zilberberg,Maurice Schwartz,1
Wolf Zilberberg,Yankev Mestel,1
Wolf Zilberberg,Bertha Gersten,1
Wolf Zilberberg,Mark Schweid,1
Wolf Zilberberg,Slava Estrin,1
Moyshe Zilbershteyn,Zigmund Mogulesco,1
Moyshe Zilbershteyn,Paul Baratoff,1
Moyshe Zilbershteyn,Seymour Rexite,1
